{
  "safeness": 0.4427327357176034,
  "usability": 0.369115452156669,
  "knowledge": 0.0
}
